<?xml version="1.0" encoding="UTF-8"?>
<root>
  <item name="com.easemob.redpacketui.recyclerview.widget.RecyclerView.ItemAnimator com.easemob.redpacketui.recyclerview.widget.RecyclerView.ItemAnimator.ItemHolderInfo recordPreLayoutInformation(com.easemob.redpacketui.recyclerview.widget.RecyclerView.State, com.easemob.redpacketui.recyclerview.widget.RecyclerView.ViewHolder, int, java.util.List&lt;java.lang.Object&gt;) 2">
    <annotation name="android.support.annotation.IntDef">
      <val name="flag" val="true" />
      <val name="value" val="{com.easemob.redpacketui.recyclerview.widget.RecyclerView.ItemAnimator.FLAG_CHANGED, com.easemob.redpacketui.recyclerview.widget.RecyclerView.ItemAnimator.FLAG_REMOVED, com.easemob.redpacketui.recyclerview.widget.RecyclerView.ItemAnimator.FLAG_MOVED, com.easemob.redpacketui.recyclerview.widget.RecyclerView.ItemAnimator.FLAG_INVALIDATED, com.easemob.redpacketui.recyclerview.widget.RecyclerView.ItemAnimator.FLAG_APPEARED_IN_PRE_LAYOUT}" />
    </annotation>
  </item>
  <item name="com.easemob.redpacketui.recyclerview.widget.RecyclerView.ItemAnimator int buildAdapterChangeFlagsForAnimations(com.easemob.redpacketui.recyclerview.widget.RecyclerView.ViewHolder)">
    <annotation name="android.support.annotation.IntDef">
      <val name="flag" val="true" />
      <val name="value" val="{com.easemob.redpacketui.recyclerview.widget.RecyclerView.ItemAnimator.FLAG_CHANGED, com.easemob.redpacketui.recyclerview.widget.RecyclerView.ItemAnimator.FLAG_REMOVED, com.easemob.redpacketui.recyclerview.widget.RecyclerView.ItemAnimator.FLAG_MOVED, com.easemob.redpacketui.recyclerview.widget.RecyclerView.ItemAnimator.FLAG_INVALIDATED, com.easemob.redpacketui.recyclerview.widget.RecyclerView.ItemAnimator.FLAG_APPEARED_IN_PRE_LAYOUT}" />
    </annotation>
  </item>
  <item name="com.easemob.redpacketui.recyclerview.widget.RecyclerView.ItemAnimator.AdapterChanges">
    <annotation name="android.support.annotation.IntDef">
      <val name="flag" val="true" />
      <val name="value" val="{com.easemob.redpacketui.recyclerview.widget.RecyclerView.ItemAnimator.FLAG_CHANGED, com.easemob.redpacketui.recyclerview.widget.RecyclerView.ItemAnimator.FLAG_REMOVED, com.easemob.redpacketui.recyclerview.widget.RecyclerView.ItemAnimator.FLAG_MOVED, com.easemob.redpacketui.recyclerview.widget.RecyclerView.ItemAnimator.FLAG_INVALIDATED, com.easemob.redpacketui.recyclerview.widget.RecyclerView.ItemAnimator.FLAG_APPEARED_IN_PRE_LAYOUT}" />
    </annotation>
  </item>
  <item name="com.easemob.redpacketui.recyclerview.widget.RecyclerView.ItemAnimator.ItemHolderInfo changeFlags">
    <annotation name="android.support.annotation.IntDef">
      <val name="flag" val="true" />
      <val name="value" val="{com.easemob.redpacketui.recyclerview.widget.RecyclerView.ItemAnimator.FLAG_CHANGED, com.easemob.redpacketui.recyclerview.widget.RecyclerView.ItemAnimator.FLAG_REMOVED, com.easemob.redpacketui.recyclerview.widget.RecyclerView.ItemAnimator.FLAG_MOVED, com.easemob.redpacketui.recyclerview.widget.RecyclerView.ItemAnimator.FLAG_INVALIDATED, com.easemob.redpacketui.recyclerview.widget.RecyclerView.ItemAnimator.FLAG_APPEARED_IN_PRE_LAYOUT}" />
    </annotation>
  </item>
  <item name="com.easemob.redpacketui.recyclerview.widget.RecyclerView.ItemAnimator.ItemHolderInfo com.easemob.redpacketui.recyclerview.widget.RecyclerView.ItemAnimator.ItemHolderInfo setFrom(com.easemob.redpacketui.recyclerview.widget.RecyclerView.ViewHolder, int) 1">
    <annotation name="android.support.annotation.IntDef">
      <val name="flag" val="true" />
      <val name="value" val="{com.easemob.redpacketui.recyclerview.widget.RecyclerView.ItemAnimator.FLAG_CHANGED, com.easemob.redpacketui.recyclerview.widget.RecyclerView.ItemAnimator.FLAG_REMOVED, com.easemob.redpacketui.recyclerview.widget.RecyclerView.ItemAnimator.FLAG_MOVED, com.easemob.redpacketui.recyclerview.widget.RecyclerView.ItemAnimator.FLAG_INVALIDATED, com.easemob.redpacketui.recyclerview.widget.RecyclerView.ItemAnimator.FLAG_APPEARED_IN_PRE_LAYOUT}" />
    </annotation>
  </item>
  <item name="com.easemob.redpacketui.recyclerview.widget.RecyclerView.State mLayoutStep">
    <annotation name="android.support.annotation.IntDef">
      <val name="flag" val="true" />
      <val name="value" val="{com.easemob.redpacketui.recyclerview.widget.RecyclerView.State.STEP_START, com.easemob.redpacketui.recyclerview.widget.RecyclerView.State.STEP_LAYOUT, com.easemob.redpacketui.recyclerview.widget.RecyclerView.State.STEP_ANIMATIONS}" />
    </annotation>
  </item>
</root>

